,title,url,liked,disliked,views,comment
0,What if I casted CS:GO legendary plays..,https://www.youtube.com/watch?v=e6FMpjNbJto,4839,321,54794,484
1,NEW UPDATES = NEW TRICKS,https://www.youtube.com/watch?v=FoloWrYcQcY,17060,179,298649,547
2,WHEN CAR HITS YOUR HOUSE IN THE MIDDLE OF A CS:GO MATCH..,https://www.youtube.com/watch?v=HTg3r_eQWBA,11876,139,212786,881
3,TRICKS WHILE PROS PLAY LIKE YOU,https://www.youtube.com/watch?v=E92LAmHaH8Y,11897,161,269470,581
4,Pro CS:GO tricks that you will üëç,https://www.youtube.com/watch?v=nfshh99JQ64,12984,195,266624,538
5,WHEN PROS HOLD LEFT CLICK..,https://www.youtube.com/watch?v=WxpLu4FEZdo,9197,117,192025,662
6,CS:GO pro tricks that will make you üòä,https://www.youtube.com/watch?v=JzREpUCZdns,12273,284,353389,388
7,STUPID TACTICS IN CS:GO,https://www.youtube.com/watch?v=v9ZoF6aY7T8,14089,275,258470,784
8,BEST OF ASTRALIS' TEAMPLAYS,https://www.youtube.com/watch?v=e46rLEW5KUI,13792,147,284162,600
9,BHOPS AND JUMPS FOR EVERYONE,https://www.youtube.com/watch?v=Rntgj2_18Do,12546,141,272871,713
10,WHEN PROS PLAY THE SAME POSITIONS,https://www.youtube.com/watch?v=CXeSUwEe48g,5947,157,125546,450
11,EXCITING CS:GO MOMENTS,https://www.youtube.com/watch?v=LuNXvFHQcb0,9411,135,175914,507
12,How CS:GO pros come up with those tricks?!,https://www.youtube.com/watch?v=EnBTs8nrJ1U,10752,196,299209,7523
13,WHEN PROS PLAY LIKE SILVERS,https://www.youtube.com/watch?v=2McK-cCZzws,7359,113,171393,508
14,0 frags from CS:GO pros?!,https://www.youtube.com/watch?v=VESpIChCm3s,8646,217,219622,611
15,"wait, what? CS:GO pro tricks?",https://www.youtube.com/watch?v=03TZHqjh7Fc,13566,270,383731,503
16,This CS:GO video may change your life,https://www.youtube.com/watch?v=sMBTj5xxSXY,10853,410,198687,610
17,I was invisible in csgo..,https://www.youtube.com/watch?v=ALtFCxPGVC4,13263,257,295695,789
18,üëç or üëé play in CS:GO,https://www.youtube.com/watch?v=xGCYkjSB-Js,11010,316,178351,1622
19,WHEN YOU SEE PRO RESOLUTIONS..,https://www.youtube.com/watch?v=1sWP1HofS8A,11684,206,302816,731
20,CELEBRITIES WHO PLAY CS:GO,https://www.youtube.com/watch?v=Cou_7Cm5zJI,29033,694,665842,1308
21,WHEN CS:GO PROS FLICKSHOT..,https://www.youtube.com/watch?v=U_rNpwx7TnQ,7908,149,172523,546
22,"I said ""hi"" in 1000 CS:GO servers..",https://www.youtube.com/watch?v=clyKqordJ18,19718,356,373244,2203
23,How bad Silvers really are in CS:GO?,https://www.youtube.com/watch?v=rKVlIpJ0O2Q,22184,599,681767,2392
24,From A to Z in CS:GO,https://www.youtube.com/watch?v=nR95PtaNpkg,7871,241,149701,1304
25,You don't know these pro CS:GO tricks.. yet..,https://www.youtube.com/watch?v=BUGV3RnTRmk,12898,289,393225,451
26,VERY HARD BHOPS IN CS:GO,https://www.youtube.com/watch?v=UszfQPhy7rE,13505,194,275746,799
27,MY FANS ARE AWESOME,https://www.youtube.com/watch?v=xPyWjmRUX9E,10013,112,171597,547
28,MORE CS:GO EASTER EGGS AND SECRETS,https://www.youtube.com/watch?v=3RyLhPyNxJo,11812,173,204539,732
29,WHEN CS:GO PROS JUMP AND SHOOT,https://www.youtube.com/watch?v=ZA115To3C8k,8975,104,171141,728
30,CS:GO EASTER EGGS,https://www.youtube.com/watch?v=UlX0dD1s-XA,22954,286,370605,890
31,The best NEW CACHE video you'll see in the next 24 hours,https://www.youtube.com/watch?v=j9yyM_wuSQA,16982,294,385912,929
32,WHEN CS:GO PROS WALLBANG,https://www.youtube.com/watch?v=_BQqiQEXIyE,15595,225,434777,823
33,These tricks will blow your mind..,https://www.youtube.com/watch?v=tQXx6ZkGcG0,8751,165,214241,442
34,CS:GO - Reality vs Edited,https://www.youtube.com/watch?v=FEi01YgZ1a0,7284,349,120714,529
35,i trolled a coach with the help of a pro..,https://www.youtube.com/watch?v=mZGtj3mYXMo,9257,354,188438,782
36,VERY HARD JUMPS IN CS:GO,https://www.youtube.com/watch?v=F1lWaSnN7T0,85422,1720,2440657,1858
37,LOW TIER CS:GO PRO TRICKS,https://www.youtube.com/watch?v=dNnOHBy7H1k,11388,125,341158,482
38,0 hours of movement practice,https://www.youtube.com/watch?v=h6w3qb_mBnQ,14946,266,441394,718
39,WHEN CS:GO PROS MAKE BAD DECISIONS..,https://www.youtube.com/watch?v=qhWdFsdhTdM,7102,120,176031,361
40,TRICKS FROM THE LAST CS:GO MAJOR,https://www.youtube.com/watch?v=LMLxdtxo29o,20024,365,723418,585
41,THINGS THEY DON'T TEACH YOU IN CS:GO SCHOOLS..,https://www.youtube.com/watch?v=vDSeMFQHg_M,13730,283,332541,649
42,It's not an easy pro CS:GO video to watch..,https://www.youtube.com/watch?v=vj7xc_RP5Js,12314,172,388537,937
43,WHEN CS:GO PROS SOUND FAKE..,https://www.youtube.com/watch?v=ige6OX0leYI,26880,652,575400,670
44,PRO TRICKS vs YOUR TRICKS,https://www.youtube.com/watch?v=mCSdOTTiLjE,14262,181,477455,564
45,WHEN PROS BHOP,https://www.youtube.com/watch?v=RFENduA7xsw,36667,503,633853,962
46,5 CS:GO ANIMATIONS (from different creators),https://www.youtube.com/watch?v=y7vuB6DKYLQ,25989,247,248370,1346
47,RARE MOMENTS in CS:GO,https://www.youtube.com/watch?v=SY1KV7LEzoo,28174,428,440087,1165
48,"""how do you do that?""",https://www.youtube.com/watch?v=heAYTlLmZmE,12584,160,301987,845
49,PRO FAIL NADES,https://www.youtube.com/watch?v=AymlmKR3nT4,10323,129,243280,593
50,PRO TRICKS EVERYWHERE,https://www.youtube.com/watch?v=gHlTaCUUNrM,14193,175,407300,409
51,Hit the jumping double and win $$$,https://www.youtube.com/watch?v=ajO2VXkUYvw,20126,150,281751,2009
52,You can't know these CS:GO tricks.. yet..,https://www.youtube.com/watch?v=nJ4aypPpnWI,13950,239,395321,533
53,DON'T CELEBRATE TOO EARLY in CS:GO,https://www.youtube.com/watch?v=wcjviOIXpD4,13046,372,345193,609
54,WHEN CS:GO PROS BEAT THEIR OLD TEAMS,https://www.youtube.com/watch?v=vJbPXcCCUTQ,13503,177,232773,534
55,I hired a Pro CS:GO Coach on Fiverr and pretended to be a beginner,https://www.youtube.com/watch?v=d5c8oN6V7L8,36003,1081,1542853,1371
56,Welcome to YOUR HIGHLIGHTS,https://www.youtube.com/watch?v=zG5-OHgjh8k,9014,131,122781,822
57,A whole week of CS:GO and here's the result..,https://www.youtube.com/watch?v=Q2h0I9cM7oo,13569,175,330509,384
58,I gave Fiverr editors 12 hours to edit the same clip,https://www.youtube.com/watch?v=92GTd3QOA4Y,7714,120,134427,1046
59,How it feels to play CS:GO against pashaBiceps?,https://www.youtube.com/watch?v=W0BUtnlU9AQ,7264,176,108857,584
60,WHEN CS:GO PROS REMAIN CALM (Trigger Discipline),https://www.youtube.com/watch?v=vZX8WJJyXvM,41948,797,1323321,876
61,10 THINGS YOU ARE DOING WRONG IN CS:GO #2,https://www.youtube.com/watch?v=RcXmmpGrVDA,18037,267,446435,715
62,WHEN PROS GOT CS:GO'D,https://www.youtube.com/watch?v=_pdx_XkB9Gc,65478,912,922261,1712
63,Random GLOBAL ELITE moments,https://www.youtube.com/watch?v=eIvmkKdCCPU,8322,127,155404,470
64,WHEN CS:GO PROS USE PERFECT NADES,https://www.youtube.com/watch?v=RT3-818dRik,17285,217,354788,512
65,I watched 24 hours of pro games and here's the result..,https://www.youtube.com/watch?v=epetQe38LAk,14853,222,351562,492
66,So I got 5 famous editors to edit the same clip,https://www.youtube.com/watch?v=jA9GmLSqFV8,46055,870,979070,4480
67,WHEN CS:GO PROS HAVE PERFECT MOVEMENT,https://www.youtube.com/watch?v=IoC2Q0tQhvY,28761,470,811707,828
68,500K SPECIAL,https://www.youtube.com/watch?v=aEDMuoMlUCw,12164,82,102830,1303
69,PROS ARE SMART,https://www.youtube.com/watch?v=1_BOczmLcD8,12071,207,341799,451
70,PRO ONE TAPS in CS:GO,https://www.youtube.com/watch?v=fniczgal2Q4,17492,250,283746,893
71,WHEN PROS MAKE 10 IQ PLAYS in CS:GO,https://www.youtube.com/watch?v=9uOskrlpt_Y,12638,408,298054,826
72,ONLY 1% OF PLAYERS KNOW THESE..,https://www.youtube.com/watch?v=OrjMddRs94c,19493,447,554948,960
73,DO YOU CHEAT?!,https://www.youtube.com/watch?v=K2AU5DMUVUI,15216,192,180351,1279
74,So I hired 5 different musicians on Fiverr and here is the result..,https://www.youtube.com/watch?v=XqCLxFCvSvg,18008,223,166737,2414
75,10 WAYS TO SMOKE MIRAGE CT SPAWN,https://www.youtube.com/watch?v=-hE7w9_hYbI,9163,100,184054,681
76,WHEN PROS ARE CREATIVE in CS:GO,https://www.youtube.com/watch?v=Mzgefdb-M6o,14224,305,411835,493
77,BEST INHUMAN REACTIONS in CS:GO,https://www.youtube.com/watch?v=OvYIr1dlMZA,30368,510,635800,1996
78,THEY KISSED IN-GAME,https://www.youtube.com/watch?v=ET1Z3HIy3Vs,5501,145,103118,504
79,YOU WANNA SEE PRO TRICKS in CS:GO?,https://www.youtube.com/watch?v=aPM688aewoc,15431,296,419314,559
80,So I hired 5 different editors on Fiverr and here is the result..,https://www.youtube.com/watch?v=JDIA87zLN_Y,48762,1448,1816886,4782
81,10 RUNBOOST MOLOTOVS,https://www.youtube.com/watch?v=bIxn1YXjZFs,8074,111,117178,502
82,ILLEGAL JUMPS in CS:GO,https://www.youtube.com/watch?v=8cItMzu4yew,14672,618,268727,1312
83,10 IMPOSSIBLE MOMENTS in CS:GO,https://www.youtube.com/watch?v=-Zz7W8NPWv4,16502,322,595072,1124
84,CS:GO FANTASY GAME,https://www.youtube.com/watch?v=rYAkwZAXI9w,2521,250,55543,304
85,How it feels to play CSGO against Shroud?,https://www.youtube.com/watch?v=zRjuoeZJPTI,17573,351,255619,1482
86,GLOBAL ELITES ARE EASY,https://www.youtube.com/watch?v=2egYxutyxSU,9739,130,209595,919
87,"So, I hired a CS:GO coach on Fiverr and he told me I'm cheating",https://www.youtube.com/watch?v=9O72DHhAViE,35928,1266,1358234,1902
88,Interview with THE BEST CS:GO YouTuber,https://www.youtube.com/watch?v=Q4kZlvq3uSs,4227,97,71313,539
89,How much better is a pro CS:GO player than a regular player?,https://www.youtube.com/watch?v=GQkrJEKB4Jo,52334,1326,1950738,2659
90,BEST PART of THE MAJOR #4,https://www.youtube.com/watch?v=AjxWoGvngJc,11636,98,223273,472
91,CS:GO FACEIT EXPERIENCE,https://www.youtube.com/watch?v=6R2gbde13UY,10829,85,166579,597
92,MY FIRST CS:GO MAJOR,https://www.youtube.com/watch?v=ZZwWUd9Uc34,11309,52,180795,945
93,How it feels to play CS:GO against Dupreeh?,https://www.youtube.com/watch?v=LSzcSQXXAnY,6808,359,96564,1164
94,BEST PART of THE MAJOR #3,https://www.youtube.com/watch?v=qTFKDzApaAg,12621,113,232039,3276
95,BEST PART of THE MAJOR #2,https://www.youtube.com/watch?v=wmhXyMSVPr4,7609,97,229116,347
96,GLOBAL ELITE MOMENTS in CS:GO,https://www.youtube.com/watch?v=Eims3pda6mk,8213,122,296747,593
97,THE BEST PRO 1v5 CLUTCHES in CS:GO,https://www.youtube.com/watch?v=2G4hLGfqAZQ,12925,165,246123,867
98,WE SPENT 24 HOURS EXPLORING IN CS:GO,https://www.youtube.com/watch?v=1eBvv1LUAdA,25815,376,621699,1016
99,BEST PART of THE MAJOR,https://www.youtube.com/watch?v=N-mVA73qDmg,19418,377,560410,654
100,How it feels to play CS:GO against Device?,https://www.youtube.com/watch?v=HN_xlJGm_YA,6757,84,107806,733
101,CHEATING or NAH?! (CS:GO),https://www.youtube.com/watch?v=9wc9HFL693Y,21420,214,283728,1617
102,"If you love to surf in CS:GO, you want to watch this video!",https://www.youtube.com/watch?v=BYj3PHWP8uM,6634,113,113859,637
103,10 EU FLASHES for YOUR TEAM,https://www.youtube.com/watch?v=hlX9P3VpyN4,7253,40,130523,509
104,How it feels to play CS:GO against NiKo?,https://www.youtube.com/watch?v=NCmj0a9zFoM,10358,141,179840,1526
105,I'M NOT A CS:GO BHOP YOUTUBER,https://www.youtube.com/watch?v=zq8yYG70q1Y,18499,211,303200,1278
106,THE BIGGEST UPSET IN EU MINOR,https://www.youtube.com/watch?v=jtjvGpqBrNs,6270,145,128360,520
107,WHEN YOU FLICK SHOT in CS:GO,https://www.youtube.com/watch?v=X9P8gC9v6fU,22437,322,374494,1355
108,PLAYING WITH A CHEAP MOUSE,https://www.youtube.com/watch?v=qJWKKOkoJ2A,10219,137,279150,1764
109,How it feels to play CS:GO against ScreaM?,https://www.youtube.com/watch?v=n1Js0PiayIc,17985,172,188809,3275
110,YOU BHOP FOR FUN in CS:GO,https://www.youtube.com/watch?v=UWmkvrglLg4,19756,320,223635,1607
111,WHAT HAPPENS IN CS:GO 2019!,https://www.youtube.com/watch?v=kBvd96GR17U,9640,144,189240,1288
112,FREE TO PLAY CS:GO MATCHMAKING,https://www.youtube.com/watch?v=jF25rbBLuyI,24161,522,871990,1757
113,IS ZUHN CHEATING? (Community Fragmovie),https://www.youtube.com/watch?v=kVkNvbfYlM4,18075,564,324036,1717
114,CS:GO REDDIT TOP 10 SMOKES,https://www.youtube.com/watch?v=3NbI9o-c8jY,10468,1002,245259,676
115,10 UNCOMMON DE_MIRAGE TRICKS #13,https://www.youtube.com/watch?v=9kFmWa5mh7Y,14395,123,167280,555
116,HOW TO WIN IN CS:GO DANGER ZONE!,https://www.youtube.com/watch?v=m3-6QwNbsbk,3238,88,71060,393
117,WHEN YOU BHOP in CS:GO,https://www.youtube.com/watch?v=hYaa7pkx5Rg,11406,153,157565,1434
118,CS:GO BATTLE ROYALE! (First gameplay with a win),https://www.youtube.com/watch?v=-SrZ_C0SoqQ,4783,79,105584,871
119,CS:GO BEST PRO AWP PLAYS in 2018,https://www.youtube.com/watch?v=hIvieDfA_ow,6799,80,115083,767
120,HIDDEN BOMB PLANT SPOTS in CS:GO,https://www.youtube.com/watch?v=ZgLb6wLiLOE,57123,1139,1625859,1256
121,How it feels to play CS:GO against KennyS?,https://www.youtube.com/watch?v=xXKZ0M1n03A,15100,241,235874,2614
122,WHEN I BHOP in CS:GO,https://www.youtube.com/watch?v=mMjbWUwGSmY,9043,170,197049,893
123,CS:GO SMURFING in SILVER #3,https://www.youtube.com/watch?v=yvWdafcz8hg,14774,433,328720,6308
124,I SPENT 12 HOURS EXPLORING IN CS:GO,https://www.youtube.com/watch?v=UXbo2wlDl9M,37781,1047,1269464,1900
125,I PRETENDED TO BE A NOOB IN CS:GO,https://www.youtube.com/watch?v=nyRdalGc8sQ,22888,960,792404,3416
126,CS:GO ONE WAY SMOKES by PRO PLAYERS,https://www.youtube.com/watch?v=VjsAQ1S56vs,8623,96,166156,610
127,How it feels to play CS:GO against COLDZERA?,https://www.youtube.com/watch?v=TsCXp4hHzH0,7028,86,98636,878
128,MAP CREATOR REVEALS ALL THE SECRETS ON DE_TRAIN,https://www.youtube.com/watch?v=opO32KuKPbE,9396,433,249880,1157
129,How it feels to play CS:GO against S1MPLE?,https://www.youtube.com/watch?v=9HL1-JU39M4,10520,202,197431,1057
130,THE BEST CS:GO CROSSHAIR,https://www.youtube.com/watch?v=GSC8t_j4CDQ,26176,1011,1392494,1363
131,CS:GO YOUTUBERS AGAINST EACH OTHER,https://www.youtube.com/watch?v=gt04sjeIU7Y,15875,197,528342,2190
132,FUNNY AND NOT SO FUNNY MOMENTS,https://www.youtube.com/watch?v=3Z7n32-JqLo,13983,212,405440,841
133,CS:GO WINGMAN TIPS AND TRICKS,https://www.youtube.com/watch?v=RGUnP94q2bY,18970,178,314401,3877
134,How it feels to play CS:GO against PROS?,https://www.youtube.com/watch?v=HDF0IvaCxBQ,10586,306,252308,1009
135,10 THINGS YOU HAVE NOT SEEN in CS:GO #3,https://www.youtube.com/watch?v=Aq2kWBkMznw,7651,130,135334,2774
136,this CS:GO video won't have 1 million views,https://www.youtube.com/watch?v=6Ok4YUeRk9o,11244,317,120827,811
137,NO GLOBAL ELITE FOR ME,https://www.youtube.com/watch?v=VpYOCsNuO-w,6697,110,139198,853
138,10 UNCOMMON DE_MIRAGE TRICKS #12,https://www.youtube.com/watch?v=tbELGaWVRSQ,16656,150,407131,4246
139,HOW TO BE A SMARTER PLAYER in CS:GO?,https://www.youtube.com/watch?v=BQ4d0kin5fQ,10980,100,236015,678
140,THE ROAD TO GLOBAL ELITE,https://www.youtube.com/watch?v=Q_UIfpUhjdA,8887,124,269941,1113
141,CS:GO KNIFE PLAYS by PROS,https://www.youtube.com/watch?v=D0QJgNq7Dvc,7471,122,184936,466
142,10 CS:GO HARD JUMPS #2,https://www.youtube.com/watch?v=qTk-TR_u4fs,15994,269,425923,4222
143,DE_MIRAGE CREATOR REVEALS ALL THE SECRETS #2,https://www.youtube.com/watch?v=F_k0NKYuxXc,3396,46,64885,460
144,CS:GO BEST CASTER REACTIONS #2,https://www.youtube.com/watch?v=4tajf9cqeuk,4200,59,76470,563
145,WHEN PROS BHOP in CS:GO,https://www.youtube.com/watch?v=_1y6zSDRsx0,66931,1893,1728330,1268
146,FREE CS:GO EDITION,https://www.youtube.com/watch?v=YvdQW4idVS8,3961,62,102453,497
147,HOW TO BUNNY HOP IN CS:GO,https://www.youtube.com/watch?v=fwt2j8toi4s,36848,683,1678699,5672
148,HOW TO DEAL WITH TOXIC PLAYERS..,https://www.youtube.com/watch?v=v-HbYspTuxk,8444,176,246975,960
149,DE_MIRAGE CREATOR REVEALS ALL THE SECRETS,https://www.youtube.com/watch?v=vf5KpckLs3Q,16758,472,490527,1241
150,10 CS:GO EASY JUMPS,https://www.youtube.com/watch?v=gnesaKqrYk0,20713,453,677414,804
151,CS:GO ECO ACE AND MORE,https://www.youtube.com/watch?v=6HrwLTYeBtQ,11205,180,327112,992
152,5 TACTICS YOU SHOULD TRY OUT IN CS:GO (Mirage),https://www.youtube.com/watch?v=jh0s0ed1RaQ,36622,597,1174253,6032
153,HOW TO GET OUT OF SILVER IN CS:GO?!,https://www.youtube.com/watch?v=K6XULy_fllw,14291,274,442733,2233
154,HOW TO SELL YOUR CS:GO SKINS WITHOUT ANY FEES?,https://www.youtube.com/watch?v=60pA-gMfqOA,7641,114,78288,6400
155,EPIC FAIL WITH AN EXCUSE,https://www.youtube.com/watch?v=p9nj-WDTAy4,7466,128,255906,636
156,WE MET A BEATBOXER IN CS:GO,https://www.youtube.com/watch?v=VIkX8lQYPnM,5004,87,109029,692
157,10 UNCOMMON DE_MIRAGE TRICKS #11,https://www.youtube.com/watch?v=3STpw3LsfFs,20254,411,619041,1070
158,CS:GO SMURFING in SILVER #2,https://www.youtube.com/watch?v=lWaP88VxdbE,28187,910,1029400,4747
159,10 THINGS YOU HAVE NOT SEEN in CS:GO #2,https://www.youtube.com/watch?v=1lG4KC2Wkk8,15972,417,668707,884
160,CS:GO BEST CASTER REACTIONS,https://www.youtube.com/watch?v=zJ6dyPt92KI,7203,120,124912,1238
161,CS:GO IS DEAD?! (ESL One Cologne 2018 VLOG),https://www.youtube.com/watch?v=1A_lH3sau9A,9514,185,132614,1099
162,ALL CS:GO GRAFFITI MOMENTS,https://www.youtube.com/watch?v=LvT2Sxn0tpA,5313,102,86212,1103
163,CARRYING CS:GO YOUTUBERS,https://www.youtube.com/watch?v=NSSNB3EgNZs,9218,145,280496,1071
164,TALKING ABOUT NADES,https://www.youtube.com/watch?v=UHE7v9s0KFE,4051,47,76712,892
165,I TRIED THIS STUFF OUT..,https://www.youtube.com/watch?v=UZNtfbvADLI,11596,175,251331,1033
166,RUSSIAN PLAYS CS:GO #2,https://www.youtube.com/watch?v=vUJ1BgDmO_A,40973,623,525085,3154
167,BEST PRO PLAYS 2018,https://www.youtube.com/watch?v=wx9LQXx8uVo,6853,126,112359,1340
168,CS:GO PRO MOLOTOVS,https://www.youtube.com/watch?v=LwbRaiTef4U,16508,452,724739,935
169,CS:GO NEW UPDATED MIRAGE,https://www.youtube.com/watch?v=8c0TmH41f6U,11405,285,293424,2078
170,BEST OF MIRAGE,https://www.youtube.com/watch?v=aFcAGAzwM5M,5508,111,104534,1889
171,CS:GO TRICKS in PLAY,https://www.youtube.com/watch?v=olelGGqw7uU,8730,171,125394,2693
172,10 THINGS YOU CAN DO BETTER IN CS:GO,https://www.youtube.com/watch?v=jNmwSEoWko4,8491,121,162335,1209
173,10 THINGS YOU ARE DOING WRONG IN CS:GO,https://www.youtube.com/watch?v=_dkQo5GIdKI,66180,2538,2536128,1572
174,10 THINGS YOU DIDN'T KNOW ABOUT CS:GO SKINS,https://www.youtube.com/watch?v=jtAsvFob2F4,7712,363,194666,731
175,CS:GO PRO NADES,https://www.youtube.com/watch?v=VzGRLrqI8FU,6762,142,249729,372
176,AINSLEY CS:GO LOOK-ALIKE,https://www.youtube.com/watch?v=AxQo4dQkJYI,6187,111,89875,3284
177,10 UNCOMMON DE_MIRAGE TRICKS #10,https://www.youtube.com/watch?v=VfosrYhgWl8,10710,88,181820,4476
178,10 THINGS YOU NEVER NOTICED in CS:GO,https://www.youtube.com/watch?v=szzPBXxx2rI,27201,1299,770256,2685
179,10 INSANE TRICKS in CS:GO,https://www.youtube.com/watch?v=gQjOW299pxs,11045,297,286853,2407
180,10 UNCOMMON DE_MIRAGE TRICKS #9,https://www.youtube.com/watch?v=z3gdjbJs6c4,11366,170,236052,2622
181,GET FREE CS:GO SKINS on PHONE,https://www.youtube.com/watch?v=FNwBZyB_bq4,8094,444,133056,4812
182,CS:GO PRO FLASHES,https://www.youtube.com/watch?v=fUEU_F8ZRrs,10779,286,427712,419
183,CS:GO - NadeKing STUDENTS! #5,https://www.youtube.com/watch?v=bZwzlKHbkLk,5424,70,114448,1786
184,CS:GO PRO SMOKES,https://www.youtube.com/watch?v=WI2W_Js7t5Y,31928,768,1493149,697
185,10 UNCOMMON DE_CACHE TRICKS #2,https://www.youtube.com/watch?v=SppqgfvTp5w,14023,262,376060,3338
186,UNBELIEVABLE TRICKS in CS:GO,https://www.youtube.com/watch?v=4JtB-gJjuTU,53256,4742,1070385,16224
187,10 UNCOMMON DE_MIRAGE TRICKS #8,https://www.youtube.com/watch?v=tR6LXAw2ExI,15782,293,297942,6994
188,10 CS:GO HARD JUMPS,https://www.youtube.com/watch?v=wjMpYT_pCbo,61526,2074,2764798,1957
189,BEST NINJA DEFUSE (MM Highlights),https://www.youtube.com/watch?v=3I6AVoREPCI,16853,455,645833,1092
190,IS IT WORTH TO OPEN CS:GO CASES? (Clutch Case Opening),https://www.youtube.com/watch?v=m_niyfHIrTE,6312,150,127002,3781
191,10 UNCOMMON DE_MIRAGE TRICKS #7,https://www.youtube.com/watch?v=ae0rrp9N9DM,10070,150,118452,319
192,CS:GO - NadeKing STUDENTS! #4,https://www.youtube.com/watch?v=a_YOnkUxkwI,7516,101,127746,321
193,10 THINGS YOU HAVE NOT SEEN in CS:GO,https://www.youtube.com/watch?v=IQ2sna2iv10,43073,2252,1954359,1127
194,10 DANGEROUS PLACES in CS:GO,https://www.youtube.com/watch?v=04n7zNPlYgE,13333,557,401481,2837
195,10 UNCOMMON DE_MIRAGE TRICKS #6,https://www.youtube.com/watch?v=vviZZEPFQT4,12433,183,162340,594
196,CS:GO CHEATER EXPLAINS WHY HE CHEATS #2,https://www.youtube.com/watch?v=rJ6kUjmxDHg,34284,1003,1375400,3105
197,10 TRICKS AFTER NEW DE_NUKE CS:GO UPDATE,https://www.youtube.com/watch?v=OuHNQa2YNKQ,8715,322,190568,631
198,10 UNCOMMON TRICKS on COBBLESTONE,https://www.youtube.com/watch?v=J1_TLtOkUTg,5083,83,76854,3098
199,10 CS:GO PRO FUN FACTS,https://www.youtube.com/watch?v=PQP17SDxjR0,3702,131,94853,300
200,CS:GO SMURFING in SILVER,https://www.youtube.com/watch?v=8rhVs0K--K8,67688,5215,4169964,2544
201,10 000 JUMPS in CS:GO,https://www.youtube.com/watch?v=g6cNWUg8fMQ,7469,615,70393,1213
202,10 THINGS YOU WANT TO KNOW in CS:GO,https://www.youtube.com/watch?v=zEFLed507hk,58724,3089,2801625,1330
203,10 UNCOMMON DE_MIRAGE TRICKS #5,https://www.youtube.com/watch?v=Og7HHXrF20U,7049,130,238684,473
204,1 000 000 KILLS in CS:GO,https://www.youtube.com/watch?v=0MaJfnoHjzQ,6803,221,184004,551
205,CS:GO - BEST STICKER COMBINATIONS (Under 10‚Ç¨),https://www.youtube.com/watch?v=NsCvgREE1Rw,3941,183,129910,477
206,NOOB SONG,https://www.youtube.com/watch?v=lkxeq_Mb86E,13616,1296,414343,1339
207,CS:GO TOP CLUTCH MOMENTS,https://www.youtube.com/watch?v=WoIrNaL_eN0,5743,107,111364,444
208,10 CS:GO WALLHACKS,https://www.youtube.com/watch?v=zUGMDwD6Ovo,2587,162,68222,251
209,10 UNCOMMON DE_MIRAGE TRICKS #4,https://www.youtube.com/watch?v=P0xQ_AVn6Yo,8810,247,368841,400
210,10 UNCOMMON DE_CACHE TRICKS,https://www.youtube.com/watch?v=Lcvn9m6Ppx8,21107,323,374707,668
211,HOW PIMP'S TRICKS ACTUALLY WORK?,https://www.youtube.com/watch?v=UMhQKV9uh5A,22741,764,716299,678
212,10 UNCOMMON DE_MIRAGE TRICKS #3,https://www.youtube.com/watch?v=3qqnfxbJWBg,36355,1215,1593092,807
213,10 SPOTS WHEN BOMB EXPLODES [CS:GO],https://www.youtube.com/watch?v=ACJpE44mrY8,6544,121,88206,438
214,CS:GO FUN CONSOLE COMMANDS,https://www.youtube.com/watch?v=cXK632RFZqY,19565,343,516712,548
215,HOW TO SEE THROUGH SMOKES IN CS:GO?!,https://www.youtube.com/watch?v=DJy6OLBBQHw,2904,105,91746,312
216,10 UNCOMMON DE_MIRAGE TRICKS #2,https://www.youtube.com/watch?v=i6mRjg3T8n8,22960,483,668075,529
217,CS:GO - NadeKing STUDENTS! #3,https://www.youtube.com/watch?v=hAUW73GBDoE,1825,28,42742,219
218,How to get CS:GO skins TOTALLY FREE?,https://www.youtube.com/watch?v=38dROM3Vo2Q,5143,469,198604,629
219,CS:GO BEST PLAYS in MATCHMAKING,https://www.youtube.com/watch?v=59C3KZJj8Y0,16707,265,659355,1406
220,10 SECOND NINJA DEFUSES by PRO PLAYERS,https://www.youtube.com/watch?v=tW5pLPVk9uc,2198,42,81686,144
221,10 FAKES in CS:GO,https://www.youtube.com/watch?v=m48vb7MAPSU,36290,1263,1798912,832
222,RUSSIAN PLAYS CS:GO,https://www.youtube.com/watch?v=egDB2ShE1gI,32540,1338,1284787,2938
223,10 CS:GO AWP TIPS using SICK ANGLES,https://www.youtube.com/watch?v=X-_o-gHkCII,4197,134,121310,235
224,CS:GO CHEATER EXPLAINS WHY HE CHEATS,https://www.youtube.com/watch?v=zQhf1lMd0js,26408,3985,1242607,4543
225,10 UNCOMMON DE_MIRAGE TRICKS,https://www.youtube.com/watch?v=cZF5AP0jT2g,16650,248,359293,2735
226,CS:GO - NadeKing STUDENTS! #2,https://www.youtube.com/watch?v=5G_SEMCUt4c,2187,41,57518,142
227,NEW DE_DUST2 SMOKES,https://www.youtube.com/watch?v=MDe1_AwnhXg,3545,92,101644,211
228,10 SMART NADES by PRO CS:GO PLAYERS,https://www.youtube.com/watch?v=vb-Yg9N1ywk,6024,217,279234,1268
229,10 NINJA DEFUSES in PRO MATCHES,https://www.youtube.com/watch?v=nJ9KwCPFuUA,2351,53,68870,854
230,CS:GO - NadeKing STUDENTS!,https://www.youtube.com/watch?v=-TUHBrBIBT0,4505,116,152844,912
231,CASHING OUT YOUR CS:GO INVENTORY [FAST AND SAFE],https://www.youtube.com/watch?v=rp8oHjAftk4,4041,119,157553,153
232,TOP 10 EU FLASHES by PRO CS:GO PLAYERS,https://www.youtube.com/watch?v=daSWttCy1NQ,5156,204,193290,160
233,10 TRICKS on DE_NUKE You Probably Didn't Know,https://www.youtube.com/watch?v=oyRiCPHWyr0,2365,43,50978,118
234,10 BUG MOMENTS in PRO MATCHES,https://www.youtube.com/watch?v=QF7EBFBiRwE,13969,2608,1225272,772
235,10 TRICKS on DE_TRAIN You Probably Didn't Know,https://www.youtube.com/watch?v=C45FJk33FwQ,3312,62,66409,1573
236,10 CS:GO HIDDEN SECRET SPOTS,https://www.youtube.com/watch?v=0R40HCg8I7w,6108,400,262752,249
237,10 CS:GO PRO LIARS,https://www.youtube.com/watch?v=kP7p1MrSwys,7129,885,278126,1897
238,10 DE_MIRAGE WINDOW SMOKES,https://www.youtube.com/watch?v=GXuCHlsITT0,9238,229,379353,288
239,10 DE_MIRAGE SMOKES [Jungle and Connector],https://www.youtube.com/watch?v=2lCblWeWoew,2976,71,105702,184
240,10 TRICKS on DE_COBBLESTONE You Probably Didn't Know,https://www.youtube.com/watch?v=3aQjwfN7Yrk,2479,98,81039,136
241,10 TRICKS on DE_INFERNO You Probably Didn't Know,https://www.youtube.com/watch?v=IiBszhrrWkM,19741,546,684413,503
242,10 TRICKS on DE_OVERPASS You Probably Didn't Know,https://www.youtube.com/watch?v=tigLiDGfSAo,9399,173,245672,252
243,TOP 10 EU SMOKES by PRO CS:GO PLAYERS #2,https://www.youtube.com/watch?v=XRsPrv1fWBg,3311,132,168066,107
244,TOP 10 NA NADES by PRO CS:GO PLAYERS,https://www.youtube.com/watch?v=4kCBP1KcoSY,2529,149,115682,168
245,10 TRICKS on DE_CACHE You Probably Didn't Know [+GiVEAWAY],https://www.youtube.com/watch?v=F2h6VdFG7XM,9083,337,328751,399
246,10 TRICKS on DE_MIRAGE You Probably Didn't Know,https://www.youtube.com/watch?v=7-ovo6MMCV8,24392,868,889063,578
247,10 CS:GO Facts You Probably Didn't Know,https://www.youtube.com/watch?v=YqGssMOIYGM,3465,204,125556,208
248,How to get FREE SKINS in CS:GO by just PLAYING?!,https://www.youtube.com/watch?v=BWplmTEFojw,16543,971,726459,1131
249,10 UNWRITTEN RULES OF CS:GO,https://www.youtube.com/watch?v=A2YcVmNb2R8,7373,1775,237850,963
250,1% GOLD?! PICK'EM CHALLENGE RESULTS,https://www.youtube.com/watch?v=h3KZO-i-53w,1953,117,71538,157
251,DE_OVERPASS - 5 MOLOTOVS you NEVER used,https://www.youtube.com/watch?v=c6nfPO6s-HA,1288,38,43911,108
252,DE_CACHE - 5 MOLOTOVS you NEVER used,https://www.youtube.com/watch?v=ChDNvZSYej0,2414,89,95918,192
253,DE_MIRAGE - 5 MOLOTOVS you NEVER used,https://www.youtube.com/watch?v=H0oi-xYUQ7U,7199,410,322938,275
254,CS:GO - PRO PLAYERS TOP 10 200 IQ PLAYS (Smart plays!),https://www.youtube.com/watch?v=RT3D0IL7eEg,3885,300,180666,155
255,TOP 10 EU SMOKES by NadeKing,https://www.youtube.com/watch?v=aIQrQjOLDnw,6963,297,216096,396
256,CSGO MOLOTOV BUG [TOP 10 BUGS],https://www.youtube.com/watch?v=lqzv6fTY5cs,1840,196,103698,148
257,TOP 10 EU SMOKES from PRO CS:GO PLAYERS STREAMS,https://www.youtube.com/watch?v=hrvP7xXrDO4,3443,254,186017,122
258,Bullsh*t De_Cobblestone Tips,https://www.youtube.com/watch?v=kmpGWkANuyU,2530,90,103428,283
259,TOP 10 NA SMOKES by PRO CS:GO PLAYERS,https://www.youtube.com/watch?v=PX9qN4GckJQ,3551,642,282107,164
260,VALVE PLEASE FIX CSGO,https://www.youtube.com/watch?v=7Ty-VJnX-yQ,5255,764,172050,427
261,TOP 10 EU SMOKES by PRO CS:GO PLAYERS,https://www.youtube.com/watch?v=GJNPpz1eX7A,11749,583,602278,352
262,Bullsh*t De_Train Tips,https://www.youtube.com/watch?v=X52mLnMYupg,2274,66,83458,148
263,CS:GO IS FUN,https://www.youtube.com/watch?v=0h-32UwFdKM,3332,121,109743,252
264,Bullsh*t De_Inferno Tips,https://www.youtube.com/watch?v=nvllCgrHdaw,3387,139,162322,182
265,Bullsh*t De_Cache Tips,https://www.youtube.com/watch?v=gVqcQtjTQf4,6527,400,287591,347
266,Bullsh*t De_Overpass Tips,https://www.youtube.com/watch?v=WkG8LQkGRCg,3776,107,124911,132
267,Bullsh*t De_Mirage Tips,https://www.youtube.com/watch?v=yisxGGwKIps,6664,363,265193,269
268,Bullsh*t De_Dust2 Tips,https://www.youtube.com/watch?v=ihK8ck38lQU,2718,111,107017,184
269,Bullsh*t Nuke Tips,https://www.youtube.com/watch?v=83MheTBW-Eg,4076,164,127874,94
270,CS:GO - De_Nuke ALL SMOKES (50 smokes videobook),https://www.youtube.com/watch?v=7kRAHT0-mow,281,27,20974,45
271,De_Train smoke B house from Z-connector,https://www.youtube.com/watch?v=5lGReoxxkJM,226,13,21447,30
272,CS:GO - De_Overpass ALL SMOKES (50 smokes videobook),https://www.youtube.com/watch?v=w7MsMwPhIhU,1083,18,71416,44
273,CS:GO - De_Inferno ALL SMOKES (50 smokes videobook),https://www.youtube.com/watch?v=4hZP11uTRto,1366,45,82568,49
274,CS:GO - De_Cobblestone ALL SMOKES (50 smokes videobook),https://www.youtube.com/watch?v=TwmKpiEWF-A,713,30,51930,40
275,CS:GO - De_Train ALL SMOKES (50 smokes videobook),https://www.youtube.com/watch?v=dE__PKs9YVE,874,33,60299,40
276,CS:GO - De_Cache ALL SMOKES (50 smokes videobook),https://www.youtube.com/watch?v=ROwKPZ2qLy4,3163,81,182493,84
277,CS:GO - De_Mirage ALL SMOKES (50 smokes videobook),https://www.youtube.com/watch?v=aCy79AAY48Y,8830,148,417239,207
278,CS:GO - Olofmeister song [Panda parody],https://www.youtube.com/watch?v=P7amunkwxco,1092,196,48351,72
279,CS:GO - De_Dust2 ALL SMOKES (50 smokes videobook),https://www.youtube.com/watch?v=B1-34bk772k,1512,49,82171,194
